Date,Rain,Tmax,Tmin,Rhum,Esol
1/1/2013,0,34.2,23.5,66.92326389,472.3492823
1/2/2013,0,33.7,22.2,66.68402778,390.5885167
1/3/2013,0,34.5,23.7,63.70972222,447.0645933
1/4/2013,0,33,23.5,65.51666667,413.6698565
1/5/2013,0,33.9,23.3,68.34340278,392.5909091
1/6/2013,0,34.2,23.2,66.83194444,433.5215311
1/7/2013,0,33.7375,23.95714286,66.48492063,415.4641148
1/8/2013,0,34.9,23.65,66.0266369,508.277512
1/9/2013,0,33.5,24.4,68.13645833,396.7607656
1/10/2013,0,34,25.6,62.17430556,453.3947368
1/11/2013,0.2,31.9,23.8,70.68194444,278.4330144
1/12/2013,0,34.2,23.9,60.50173611,532.9090909
1/13/2013,0,34.3,22.1,59.74756944,522.3732057
1/14/2013,0,34.3,22.9,64.63832753,409.6435407
1/15/2013,0,33.9,22.9,63.58194444,462.0861244
1/16/2013,0,32.6,23,64.88541667,409.2416268
1/17/2013,0,34.1,23.9,58.63819444,520.5933014
1/18/2013,0,32.6,23.6,56.71114983,465.3732057
1/19/2013,0,31.9,23.3,62.50451389,392.5406699
1/20/2013,0,32.1,23.1,61.04340278,422.5334928
1/21/2013,0,33.2,23.7,58.13125,448.1555024
1/22/2013,0,33.4,24.3,60.68194444,456.9401914
1/23/2013,0,31.9,23.8,62.76666667,373.8875598
1/24/2013,0,33.3,23.3,60.32604167,446.3899522
1/25/2013,0,33.2,23.5,58.89513889,383.2607656
1/26/2013,0,33.7,24.8,61.27944251,375.7033493
1/27/2013,0,33.1,23.8,62.81388889,421.4784689
1/28/2013,0,33.8,22.7,63.72118056,522.0358852
1/29/2013,0,34.2,21.7,64.17291667,484.1267943
1/30/2013,0,34.9,21.7,65.13680556,464.0741627
1/31/2013,0,34.4,22.3,59.66111111,447.2440191
2/1/2013,0,33.4,24.4,55.39583333,506.0382775
2/2/2013,0,33.6,22.8,56.15451389,544.0909091
2/3/2013,0,32.6,22.8,60.39756944,343.6866029
2/4/2013,0.6,34,23.8,64.32395833,476.6913876
2/5/2013,0,34.3,23.9,61.42986111,434.3899522
2/6/2013,0,34.4,23.7,60.72951389,500.6124402
2/7/2013,0,34.2,23.8,59.80034722,453.4090909
2/8/2013,0,34.6,21.3,59.88506944,559.0909091
2/9/2013,0,32.7,22.7,60.41597222,433.6794258
2/10/2013,0,33.3,24.4,58.33333333,355.5502392
2/11/2013,0,33.9,23.1,63.26840278,344.791866
2/12/2013,0.4,33.6,23,68.49131944,388.6076555
2/13/2013,0,34.6,22.1,61.584375,516.437799
2/14/2013,0,32.9,20.8,66.72395833,583.1483254
2/15/2013,0,34.9,21.5,61.23958333,511.076555
2/16/2013,0,35.1,21.3,54.14756944,587.9856459
2/17/2013,0,30.4,22.7,60.46770833,257.9354067
2/18/2013,0,31.7,23.1,56.64791667,531.2655502
2/19/2013,0,34,22.8,54.778125,576.9976077
2/20/2013,0,33.8,23.7,61.14618056,432.7464115
2/21/2013,0,32.7,24.5,62.43854167,379.0047847
2/22/2013,0,34.7,23.7,57.01006944,521.8349282
2/23/2013,0,34.7,22.4,64.80208333,494.8277512
2/24/2013,0,35.7,22.4,64.96423611,505.7368421
2/25/2013,0,32.9,21.9,73.25069444,462.3516746
2/26/2013,0,33.1,22.9,70.3,546.84689
2/27/2013,0,35.3,22.3,59.56215278,575.0669856
2/28/2013,0,35.7,22.6,57.22152778,422.0956938
3/1/2013,0,35.7,22.1,56.17847222,503.9569378
3/2/2013,0,34.3,22.7,57.11736111,394.6866029
3/3/2013,0,32.2,21.4,45.00555556,591.861244
3/4/2013,0,32.3,20.6,41.63263889,630.2009569
3/5/2013,0,33.6,22.7,52.84444444,447.4665072
3/6/2013,0,34.9,24.8,53.83125,458.0598086
3/7/2013,0,34.2,23.2,46.83159722,639.3229665
3/8/2013,0,33.6,22.7,46.58263889,632.0095694
3/9/2013,0,33.9,23.6,52.72430556,498.6028708
3/10/2013,0,33.3,24.3,63.28125,472.1196172
3/11/2013,0,34.3,21.4,66.18333333,382.8373206
3/12/2013,0,35.7,24,56.55069444,421.9952153
3/13/2013,0,35.4,24.5,54.38888889,350.3684211
3/14/2013,0,35.3,24.6,51.08611111,562.4210526
3/15/2013,0,32.9,24.7,52.95173611,506.354067
3/16/2013,0,31.6,23.9,58.86111111,494.5406699
3/17/2013,0,35.6,22.8,58.69618056,507.5311005
3/18/2013,0,32.8,22.2,66.23402778,372.8684211
3/19/2013,0,34.7,23.4,64.68645833,452.9354067
3/20/2013,0,32.9,22.7,65.53993056,555.1291866
3/21/2013,0,33.2,23.7,67.03993056,559.3205742
3/22/2013,0,33.4,24.4,65.425,626.1961722
3/23/2013,0,32.9,23.2,65.82465278,625.7368421
3/24/2013,0,34.5,22.1,64.98402778,662.0956938
3/25/2013,0,34.3,25.1,63.46979167,622.9019139
3/26/2013,0,37.7,24.4,55.67118056,577.492823
3/27/2013,0,37.2,26.1,52.23368056,590.8564593
3/28/2013,0,33.7,24.3,52.20868056,507.1507177
3/29/2013,0,33.1,23.9,55.98159722,454.6220096
3/30/2013,0,35.1,23.7,53.88333333,470.8779904
3/31/2013,0,35.2,25.1,57.6125,427.4066986
4/1/2013,0,37.1,26.6,56.46423611,393.0789474
4/2/2013,0,36.5,25.6,55.25972222,436.5358852
4/3/2013,0,36.9,24.8,57.77986111,563.6555024
4/4/2013,0,35.4,24.7,64.84513889,461.6483254
4/5/2013,0,36.6,25.8,65.753125,421.930622
4/6/2013,0,36.7,23.9,58.82604167,549.6818182
4/7/2013,0,37.1,23.9,49.58229167,628.0406699
4/8/2013,0,34.1,23,61.46319444,422.5550239
4/9/2013,0,36.1,25.3,58.15659722,454.1483254
4/10/2013,0,35.7,24.6,60.28576389,586.6578947
4/11/2013,0,35.1,24.3,63.08055556,611.4976077
4/12/2013,0,34.6,24.1,64.51840278,494.1602871
4/13/2013,0,35.9,25.1,59.96666667,492.3086124
4/14/2013,0,35.3,22.5,62.76666667,503.3181818
4/15/2013,0,34.9,24,64.21319444,546.7392344
4/16/2013,0,38.1,26.6,58.61358885,442.5143541
4/17/2013,0,38.8,26.7,55.53854167,532.5717703
4/18/2013,0,37.2,23.3,62.12326389,530.576555
4/19/2013,0,35.8,24.2,61.97569444,510.3086124
4/20/2013,0,39,24.5,61.87569444,413.8564593
4/21/2013,0,38.8,24.8,62.23645833,571.9593301
4/22/2013,0,38.1,23.7,60.51354167,420.7607656
4/23/2013,0,36.6,24.9,57.10381944,471.3301435
4/24/2013,0,38.3,24.1,53.65555556,503.2392344
4/25/2013,0,36.3,25.8,52.19027778,377.4617225
4/26/2013,0,37.2,25.9,53.13506944,447.1866029
4/27/2013,0,37.6,25.4,56.20243056,546.3660287
4/28/2013,0,35.9,22.8,52.52083333,570.2368421
4/29/2013,0,34.2,24.7,58.13229167,401.361244
4/30/2013,0,35.9875,23.95714286,59.83133681,518.0445574
5/1/2013,0,35.3,24.5,56.40347222,590.2033493
5/2/2013,0,37.4,24.7,61.46145833,513.3444976
5/3/2013,30.8,36.2,22.9,72.74965278,467.4258373
5/4/2013,0,34.1,23.4,68.04548611,608.2320574
5/5/2013,0,34.3,23.8,66.65243056,524.8492823
5/6/2013,0,33.7,23.1,62.30416667,570.5239234
5/7/2013,0,37.1,24.3,52.11805556,527.2320574
5/8/2013,0,36.4,23.6,56.78923611,434.6124402
5/9/2013,0,36.6,24.4,58.43958333,535.4856459
5/10/2013,0.7,36.6,24.2,68.00625,449.6124402
5/11/2013,0.7,37.2,25.2,69.64583333,259.4354067
5/12/2013,0,38.1,26.7,52.39826389,509.6267943
5/13/2013,0,39.5,26,48.57361111,535.8014354
5/14/2013,0.2,36.8,25.8,52.17430556,486.0215311
5/15/2013,0,36.9,26.2,50.96111111,452.4186603
5/16/2013,0,37.8,24.3,60.97152778,420.3301435
5/17/2013,0,39.6,23.9,59.01145833,634.0191388
5/18/2013,0,39.2,22.9,59.37430556,550.0550239
5/19/2013,1.5,37.2,25.8,66.91875,408.2727273
5/20/2013,0,37.7,24.4,59.47881944,526.3564593
5/21/2013,0,36.6,25.4,66.56979167,362.0023923
5/22/2013,6.9,33.9,24.3,80.21045296,305.8564593
5/23/2013,11.2,36.3,23.4,75.93784722,451.5645933
5/24/2013,0,34.5,24.6,74.49444444,355.930622
5/25/2013,8,33.6,23.9,69.26319444,301.7511962
5/26/2013,0,35.1,24.1,65.94340278,403.6507177
5/27/2013,1.6,36.1,23.3,74.32881944,413.4401914
5/28/2013,0,38.1,22.8,71.72152778,502.4856459
5/29/2013,21.8,34.8,23.7,75.91944444,521.8779904
5/30/2013,20.9,32.7,23.1,84.69305556,524.1889952
5/31/2013,6.6,34.8,23.1,81.14895833,491.5909091
6/1/2013,0.2,32.8,25,83.78923611,387.7464115
6/2/2013,0,33.1,24.9,80.09479167,444.6244019
6/3/2013,0,33.3,24.3,80.14826389,389.7703349
6/4/2013,1.5,35.2,24.8,77.71006944,491.1100478
6/5/2013,4.7,33.6,23.7,84.24965278,411.3875598
6/6/2013,11.4,33.1,23.3,81.51388889,529.2057416
6/7/2013,2,33.6,24.4,84.76041667,396.1220096
6/8/2013,3.2,36.3,24.7,72.18784722,545.8421053
6/9/2013,8.6,34.3,24.4,82.56875,267.4808612
6/10/2013,8.7,33.25,23.8,88.59652778,392.6967703
6/11/2013,0.4,30.6,24,80.88472222,252.1076555
6/12/2013,8.6,34.4,24.7,74.99652778,500.2822967
6/13/2013,2.1,31.6,25.1,77.53402778,335.3397129
6/14/2013,3.8,32.1,24.5,78.02395833,315.1937799
6/15/2013,13.7,33.7,24.8,78.74166667,325.8444976
6/16/2013,1.6,32.9,24.2,72.23541667,460.6722488
6/17/2013,0,34.7,24.1,70.09166667,473.8636364
6/18/2013,0,35.5,25.9,70.48993056,475.7942584
6/19/2013,24.9,35.7,24.9,80.02222222,445.5933014
6/20/2013,0,35.2,25,76.11881533,504.5813397
6/21/2013,0.2,32.8,24.3,71.01597222,359.4258373
6/22/2013,9.1,33.8,24.9,74.1625,398.0885167
6/23/2013,12.6,33.3,24.6,78.60763889,293.7631579
6/24/2013,1.9,32.8,24.9,76.49027778,397.8588517
6/25/2013,4.3,32.9,23.6,75.58055556,443.5478469
6/26/2013,0,35.1,22.9,72.49965278,611.5119617
6/27/2013,0,35,24.6,65.11666667,453.9043062
6/28/2013,6.1,35.1,22.9,78.95451389,460.3564593
6/29/2013,17.6,32.4,22.1,80.11944444,560.4114833
6/30/2013,6.9,32.1,22.5,81.72881944,555.2799043
7/1/2013,0.9,31.9,24.2,82.30902778,427.7368421
7/2/2013,0,32.6,24.3,80.65034722,483.2296651
7/3/2013,6.5,32.9,23.3,88.34965278,248.7272727
7/4/2013,10.4,32.4,23.9,88.42708333,433.0334928
7/5/2013,0.2,34.4,22.8,76.29756944,504.208134
7/6/2013,18.8,34.7,23.8,80.13402778,417.8755981
7/7/2013,0,34.3,24.4,66.67604167,546.8684211
7/8/2013,0,34.9,23.7,67.88402778,546.1004785
7/9/2013,9.1,35,24.4,73.12152778,382.3349282
7/10/2013,3.3,34.1,24.8,75.09305556,494.6555024
7/11/2013,45.6,31.4,22.9,84.38229167,233.1746411
7/12/2013,1,32.3,23.2,89.62465278,320.1746411
7/13/2013,2.2,32.4,22.6,85.05659722,331.6435407
7/14/2013,0,35.1,22.6,76.31006944,546.8181818
7/15/2013,0,34.5,24.2,67.28715278,578.0382775
7/16/2013,0,35.3,23.8,66.30486111,586.715311
7/17/2013,0,33.8,25.8,71.45590278,396.2727273
7/18/2013,7.6,33.8,24.7,79.86493056,308.3253589
7/19/2013,0.8,33.3,23.7,80.28362369,300.215311
7/20/2013,17.1,32.9,23.9,86.790625,246.7248804
7/21/2013,38.8,33.425,23.3,87.72222222,359.7667464
7/22/2013,3.2,33.7,23.7,76.71423611,402.8899522
7/23/2013,0.2,30.8,24.2,78.27256944,299.4760766
7/24/2013,0.2,34.9,24.6,71.83159722,508.9162679
7/25/2013,0.4,34.2,25.4,75.39965278,415.3133971
7/26/2013,0,34.2,26.1,65.40138889,487.5789474
7/27/2013,0,34.8,25.2,66.75,546.0502392
7/28/2013,14.6,32.2,24.3,83.196875,282.3373206
7/29/2013,2.8,30.9,23.6,78.06875,282.9401914
7/30/2013,0.4,34.9,24.3,74.50069444,468.3301435
7/31/2013,0,32.8,24.07142857,74.57947049,383.6770335
8/1/2013,0.2,33.9,23.4,75.45520833,430.6866029
8/2/2013,0,31.8,24.7,72.54201389,297.8827751
8/3/2013,0,33,23.8,69.09305556,427.1052632
8/4/2013,2.4,29.3,24.1,77.02916667,427.8893541
8/5/2013,1,32.7,23.7,79.77569444,285.9473684
8/6/2013,0,34,24,67.95261324,500.361244
8/7/2013,0,35.2,22.7,68.28645833,519.8827751
8/8/2013,0,34.3,22.2,74.11180556,577.5717703
8/9/2013,0.2,33.6,22.1,78.61805556,530.2105263
8/10/2013,0.4,33.9,22.9,73.00520833,500.3038278
8/11/2013,0.4,34,22.8,86.45833333,217.0550239
8/12/2013,0.4,34.7,23.1,85.62361111,375.1220096
8/13/2013,0.2,33.6,22.7,79.57673611,403.4856459
8/14/2013,0,32.8,22,79.48576389,454.3779904
8/15/2013,0.2,34.3,24.4,77.31180556,458.7416268
8/16/2013,0,33.9,23.8,82.24131944,454.076555
8/17/2013,0,33.8,23.7,80.66585366,416.0885167
8/18/2013,0,33.6,23.9,77.90833333,424.9665072
8/19/2013,0,34.1,23.5,77.13368056,455.4114833
8/20/2013,0,35.2,23.6,76.75590278,429.9545455
8/21/2013,0.2,34.4,24.6,75.96631944,375.5382775
8/22/2013,0.2,34.9,24.1,78.03541667,397.7368421
8/23/2013,0.2,32.1,24.2,83.609375,303.9904306
8/24/2013,0.4,32.6,23.7,85.68090278,361.930622
8/25/2013,0,34.2,23.7,79.45486111,492.6100478
8/26/2013,0.6,33.2,22.9,75.02256944,401.361244
8/27/2013,0,34.3,23.3,73.79166667,522.9401914
8/28/2013,0.2,33.6,23.5,73.89027778,439.1124402
8/29/2013,0.2,32.7,24.8,76.13576389,356.1244019
8/30/2013,0,33.3,23.7,82.96944444,368.1746411
8/31/2013,6.6,32.7,23.1,80.30625,608.6985646
9/1/2013,4.3,32.4,23.6,83.24895833,527.992823
9/2/2013,0.8,32.7,23.4,85.034375,451.3779904
9/3/2013,12.5,33.3,23.3,86.44305556,419.0167464
9/4/2013,2.4,34,23.8,83.96805556,426.0430622
9/5/2013,12.1,34.2,22.9,81.96006944,518.6267943
9/6/2013,3.4,32.7,23.9,83.31145833,483.5095694
9/7/2013,66.6,32.9,23.6,87.57777778,537.6961722
9/8/2013,1.4,32.1,23.8,84.065625,610.3205742
9/9/2013,0.2,32.8,23.7,85.57777778,501.3157895
9/10/2013,0.6,32.3,24.1,83.68819444,571.507177
9/11/2013,20.2,31.5,23.9,87.59270833,493.6866029
9/12/2013,0.6,33.3,23.7,84.8097561,477.84689
9/13/2013,0,34.8,23.9,81.39513889,524.4617225
9/14/2013,30.3,33.5,24,92.04097222,284.2392344
9/15/2013,13.6,32.9,23.2,90.93715278,402.9617225
9/16/2013,8,34.2,23.3,87.48888889,461.1028708
9/17/2013,0.2,32.5,23.7,88.21979167,370.9521531
9/18/2013,3.7,34.9,23.4,85.96180556,506.6770335
9/19/2013,9,30.9,23.9,93.90174216,263.9138756
9/20/2013,14.4,34,23.4,85.66631944,507.0717703
9/21/2013,2.5,32.9,23.1,83.98993056,592.5574163
9/22/2013,3.5,31.4,24.1,90.13020833,289.4210526
9/23/2013,0.8,33.2,23.8,89.78055556,352.1698565
9/24/2013,0.4,34.3,24.2,87.30868056,377.9856459
9/25/2013,2.7,34.3,24.7,83.32055749,433.3133971
9/26/2013,34.7,33.2,22.9,87.078125,475.8947368
9/27/2013,5.6,31.3,22.4,85.12916667,327.0143541
9/28/2013,7.9,33.7,21.3,83.25416667,475.8444976
9/29/2013,4.8,33.9,22.8,84.521875,543.1220096
9/30/2013,1.1,33.6,22.7,84.18923611,514.2057416
10/1/2013,2.1,33.1,23.2,82.82847222,571.7511962
10/2/2013,21.7,32.4,22.9,88.78993056,333.3947368
10/3/2013,29,32.4,23.7,92.55,310.6578947
10/4/2013,2.4,33,22.5,83.97152778,500.8851675
10/5/2013,4.4,32.5,23.2,86.33449477,389.9138756
10/6/2013,52.8,33.9,23.5,85.43611111,510.5598086
10/7/2013,8.5,33.6,23.4,85.24375,445.4425837
10/8/2013,3.1,34.6,23.8,82.35069444,501.5167464
10/9/2013,0,33.4,23.9,80.77673611,437.3827751
10/10/2013,0,32.8,23.1,81.209375,354.861244
10/11/2013,24.5,34.6,23.7,81.72222222,504.2942584
10/12/2013,0.2,34.3,22.2,80.20034722,569.0095694
10/13/2013,0,33.5,22.8,77.52986111,503.7703349
10/14/2013,0,33.1,21.7,78.82534722,503.1889952
10/15/2013,16.5,32.9,22.9,84.05173611,435.5885167
10/16/2013,30.1,34.3,22.7,87.69236111,406.284689
10/17/2013,1.8,31.8,23.1,86.70972222,427.0334928
10/18/2013,5.2,32.2,23.8,86.69825784,418.9736842
10/19/2013,8.6,33.6,22.9,87.1,393.0502392
10/20/2013,38.7,32.9,22.7,84.32083333,510.1937799
10/21/2013,0,33.6,22.9,78.93923611,473.1889952
10/22/2013,7.7,33,23,86.24548611,380.1315789
10/23/2013,6.7,32.3,23.4,85.61770833,452.34689
10/24/2013,0.2,33.2,23.3,82.64895833,443.7344498
10/25/2013,39.1,33.6,23.9,83.471875,421.6578947
10/26/2013,24.4,31.4,23.5,84.80625,382.1698565
10/27/2013,2.6,31.6,23.7,90.13923611,332.15311
10/28/2013,61.9,32.5,23.8,90.41358885,362.361244
10/29/2013,1.7,33.7,23.9,81.29861111,416.0741627
10/30/2013,3.4,33.9,23.7,84.10625,421.4282297
10/31/2013,0,33.6,23.3,83.88993056,397.9880383
11/1/2013,1.3,33.6,23,82.61215278,503.2966507
11/2/2013,0.2,32.7,22.7,82.63854167,540.9545455
11/3/2013,32.4,32.5,22.1,84.69097222,573.5167464
11/4/2013,0.2,32.5,21.7,83.90520833,479.8851675
11/5/2013,0,33.6,21.6,80.46597222,551.4258373
11/6/2013,0,32.4,22.2,82.61770833,562.4138756
11/7/2013,0,34.1,23.5,82.84375,573.1004785
11/8/2013,11.7,33.2,22.7,90.45902778,336.3373206
11/9/2013,9.7,32.2,22.7,88.26770833,287.8349282
11/10/2013,4.4,32.7,23.6,82.17708333,438.7177033
11/11/2013,0,31.4,23.6,81.74285714,299.2105263
11/12/2013,0,33.1,23.6,75.54131944,488.8995215
11/13/2013,3.7,33.4,23.4,78.16076389,483.2655502
11/14/2013,0.4,32.2,23.1,82.62222222,347.5334928
11/15/2013,0,32.2,23.4,74.64791667,412.2129187
11/16/2013,0,32.9,22.7,75.80868056,466.3995215
11/17/2013,4.6,33.6,24.3,79.121875,450.5598086
11/18/2013,2.7,33.8,23.8,81.17361111,436.8875598
11/19/2013,0,33.7,22,77.63194444,558.8325359
11/20/2013,15.4,32.3,22.1,88.05486111,396.2583732
11/21/2013,0,33.6,23.5,78.43854167,434.9354067
11/22/2013,0.7,33.4,21.9,82.73993056,384.9473684
11/23/2013,0.4,32.6,22.2,82.92013889,338.1244019
11/24/2013,0,33.1,22.3,73.19097222,464.5119617
11/25/2013,0,33.7,21.2,72.459375,509.2822967
11/26/2013,2.1,33.1,23,80.52743056,442.9880383
11/27/2013,0.8,34.1,22.7,75.53298611,513.7320574
11/28/2013,0,31.9,20.6,67.87881944,485.7344498
11/29/2013,0,32.9,22.2,66.62604167,471.8325359
11/30/2013,0,32.8,22,67.575,509.2105263
12/1/2013,0,33.6,22.1,67.39652778,525.4736842
12/2/2013,0,33.5,19.9,74.13298611,500.6267943
12/3/2013,0,32.4,22.3,77.834375,472.3421053
12/4/2013,0,33.9,20.9,76.93472222,488.4401914
12/5/2013,0,34.2,21.4,70.64236111,506.8851675
12/6/2013,0.2,34.3,23.3,72.76180556,445.1196172
12/7/2013,11.6,31.1,23.7,82.47083333,269.4043062
12/8/2013,4.5,33.4,21.6,77.99826389,423.5669856
12/9/2013,8.6,33.3,21.9,78.98989547,383.0885167
12/10/2013,0,33.4,22.8,69.87743056,496.2703349
12/11/2013,0,33.2,23.7,66.32534722,507.7751196
12/12/2013,0,33.4,23.1,67.40972222,473.9712919
12/13/2013,0.2,33.5,24.1,68.75381944,434.4043062
12/14/2013,0,31.7,22.9,74.51736111,291.9186603
12/15/2013,0,33,22.1,74.82743056,341.5837321
12/16/2013,0,31.4,23.6,68.53263889,283.8157895
12/17/2013,0.6,33.9,23.3,67.74409722,442.2990431
12/18/2013,0,32.4,23.3,67.87361111,456.7464115
12/19/2013,0,33.1,22.7,69.215625,427.1626794
12/20/2013,0,33.1,21.2,74.575,370.8086124
12/21/2013,0.2,34.2,21.3,72.58159722,447.5813397
12/22/2013,0,34.4,22.1,69.30833333,481.3851675
12/23/2013,1,33.3,22.4,76.41284722,356.1961722
12/24/2013,0.2,33.8,20.8,72.46701389,443.7200957
12/25/2013,0.2,32.7,20.5,74.36006944,380.4617225
12/26/2013,0,33.4,20.9,67.215625,525.2511962
12/27/2013,0,31.2,22.9,68.69409722,355.2200957
12/28/2013,3.9,32.3,22.9,72.34201389,459.9688995
12/29/2013,0,33.7,23.4,70.21215278,474.4162679
12/30/2013,0,33.7,22.6,66.45347222,476.8277512
12/31/2013,0,34.3,21.6,68.55694444,518.7272727
1/1/2014,0.7,33.8,23,71.72326389,425.5406699
1/2/2014,0,33.8,21.9,64.84305556,481.1770335
1/3/2014,0.5,32.8,21.7,72.97291667,385.9880383
1/4/2014,0.2,32.9,22.9,73.09756944,348.1220096
1/5/2014,0,34.3,21.8,71.75659722,432.4593301
1/6/2014,0,32.4,22.6,69.33541667,316.4784689
1/7/2014,0.7,33.8,21.1,71.97847222,384.5454545
1/8/2014,0,33.4,23.4,66.71388889,405.5311005
1/9/2014,0.2,33.3,22.4,66.57847222,419.2822967
1/10/2014,0,33.8,21.9,63.35208333,540.5454545
1/11/2014,0,34.2,21.3,64.49375,504.7822967
1/12/2014,0,33.5,22.1,62.13611111,432.3803828
1/13/2014,0,33.4,21.3,60.978125,489.1866029
1/14/2014,0,33.6,21.2,65.32951389,404.8636364
1/15/2014,0,34.2,20.8,67.65486111,420.0502392
1/16/2014,0,32.7,22.4,54.35625,538.7511962
1/17/2014,0,33.6,23.3,53.92604167,520.1555024
1/18/2014,0,31.8,23.7,63.15138889,386.7057416
1/19/2014,0,33.8,22.5,55.01215278,531.6602871
1/20/2014,0,31.6,23.3,56.74236111,351.215311
1/21/2014,0,34.4,24.2,58.86388889,459.9760766
1/22/2014,0,32.8,23.6,56.09965278,535.062201
1/23/2014,0,33.3,23.3,57.85798611,492.5239234
1/24/2014,0,33.3,23.9,64.92847222,444.2799043
1/25/2014,0,32.9,23.7,65.49409722,448.9952153
1/26/2014,0,32.1,23.8,63.35486111,445.3851675
1/27/2014,0,33.1,23.2,60.98888889,436.4066986
1/28/2014,0,33.4,21.7,64.29479167,462.2942584
1/29/2014,0,34.4,21.1,61.01840278,528.5669856
1/30/2014,0,34.7,22.9,59.50486111,557.145933
1/31/2014,0,33.2,21.6,60.54131944,542.1961722
2/1/2014,0,33.2,22.7,59.57083333,481.9952153
2/2/2014,0,34.2,21.8,66.72395833,465.0789474
2/3/2014,0,34,20.6,61.25625,569.1818182
2/4/2014,0,34.7,22.1,63.18506944,434.1818182
2/5/2014,0,34.4,22.9,61.27673611,543.9617225
2/6/2014,0,34.4,21.2,61.14583333,470.9641148
2/7/2014,0,33.8,21.6,59.08333333,482.9425837
2/8/2014,0,33.7,23.1,61.39583333,486.9473684
2/9/2014,0.2,33,23.7,66.92743056,279.7320574
2/10/2014,0,33.4,24.6,61.58229167,421.5
2/11/2014,0.5,34.2,23.9,62.37777778,524.4043062
2/12/2014,0,34.6,23.5,64.74131944,431.0669856
2/13/2014,0,35.6,23.4,61.165625,436.1770335
2/14/2014,0,35.1,24.3,58.31388889,504.7966507
2/15/2014,0,34.7,24.9,56.83472222,511.8014354
2/16/2014,0,33.7,24.9,59.06527778,473.4760766
2/17/2014,0,34.4,24.3,58.39825784,480.423445
2/18/2014,0,34.1,21.5,57.39860627,504.4808612
2/19/2014,0,32.6,21.7,61.00625,448.5143541
2/20/2014,0,33.7,20.1,64.96458333,402.8899522
2/21/2014,0,33,23,62.05659722,464.8851675
2/22/2014,0,34,24.3,64.07638889,395.9282297
2/23/2014,0,34,23.9,55.68229167,594.6028708
2/24/2014,0,34.3,22.4,63.46944444,483.6028708
2/25/2014,0,33.4,22,57.3125,455.8349282
2/26/2014,0,34,21.5,64.69372822,557.8349282
2/27/2014,0,32.2,19.9,65.39375,635.8995215
2/28/2014,0,32.1,20.8,66.34201389,626.3971292
3/1/2014,0,34.8,22.7,56.36076389,544.5
3/2/2014,0,34.1,24.2,57.63229167,426.9114833
3/3/2014,0,35,24.1,58.63333333,505.9736842
3/4/2014,0,34.7,22.6,62.41597222,486.5956938
3/5/2014,0,34.5,22.7,67.48506944,451.1698565
3/6/2014,0,34.1,21.7,66.40173611,538.9808612
3/7/2014,0,34.7,22.1,65.89826389,437.7416268
3/8/2014,0,35.6,21.9,63.46493056,479.3755981
3/9/2014,0,35.2,21.3,65.86076389,441.4808612
3/10/2014,0,35.6,21.1,60.14930556,441.5095694
3/11/2014,0,35.7,21.4,61.98020833,483.6172249
3/12/2014,0,32.4,21.3,68.51180556,461.4186603
3/13/2014,0,36.1,22.3,54.65416667,440.8636364
3/14/2014,0,34.2,24.1,55.64513889,498.3803828
3/15/2014,0,35.6,21.6,58.00520833,510.8181818
3/16/2014,0,35.6,22.5,62.67291667,634.923445
3/17/2014,0,32.7,20.6,66.63055556,649.930622
3/18/2014,0,35.9,22.7,57.15590278,451.9449761
3/19/2014,0,36.2,22.8,57.4,509.0885167
3/20/2014,0,36.7,24.7,52.53923611,511.1196172
3/21/2014,0,36.5,25.6,52.33333333,493.6435407
3/22/2014,0,36.4,24,53.22638889,513.9330144
3/23/2014,0,36.4,22.1,50.60486111,615.2727273
3/24/2014,0,36.8,24.5,60.44930556,467.2105263
3/25/2014,0,35.9,22.3,64.32326389,481.2559809
3/26/2014,0,36.2,24.5,54.0875,601.3492823
3/27/2014,0,35.4,24.9,53.48745645,485.0741627
3/28/2014,0,35.3,23.5,52.95902778,526.8732057
3/29/2014,0,36.7,22.5,50.35173611,608.4545455
3/30/2014,0,35.6,23.9,53.64652778,438.1578947
3/31/2014,0,35.3,22.3,60.82708333,472.8947368
4/1/2014,0,35.4,23.1,58.51666667,410.3181818
4/2/2014,0,37,24.1,52.53229167,538.9952153
4/3/2014,0,37.1,23.5,53.84027778,526.9090909
4/4/2014,0,36.1,24.3,62.35868056,497.4904306
4/5/2014,0,37.2,23.6,60.38333333,537.1578947
4/6/2014,0,35.9,23.1,62.27048611,531.1722488
4/7/2014,0,33.9,23.9,64.42048611,601.5143541
4/8/2014,0,34.7,26,61.97083333,570.3301435
4/9/2014,0,36.7,26.2,49.55034722,645.9832536
4/10/2014,0,35.3,24.3,47.75833333,537.5598086
4/11/2014,0,36.4,24.3,52.54861111,559.9090909
4/12/2014,0,35.7,24.8,50.42743056,538.277512
4/13/2014,0,35.6,23.9,50.86805556,498.5239234
4/14/2014,0,34.7,22.7,63.45,526.1698565
4/15/2014,0,34.4,23.4,65.15451389,642
4/16/2014,0,36.7,26.2,55.846875,442.2344498
4/17/2014,0,36.8,24.1,53.08993056,480.1722488
4/18/2014,0,36.9,21.8,51.51180556,434.8492823
4/19/2014,0,36.7,24.6,53.77013889,441.2655502
4/20/2014,0,37.9,25.7,51.35694444,552.3373206
4/21/2014,0,37.7,24.4,54.57291667,473.0526316
4/22/2014,0,35.8,24.1,65.01006944,440.9138756
4/23/2014,0,37.4,23.9,60.115625,455.2248804
4/24/2014,0,35.4,22.8,60.865625,565.8373206
4/25/2014,0,36,24.9,65.63888889,436.1770335
4/26/2014,0,38.4,25.6,63.778125,437.7272727
4/27/2014,0,37.2,23.8,64.33611111,479.6483254
4/28/2014,0,36.6,23.9,68.93159722,575.7129187
4/29/2014,0,35.9,25.3,68.77604167,487.6148325
4/30/2014,0,36.7,25.6,65.2,463.2272727
5/1/2014,0,37,26.3,64.34930556,392.3181818
5/2/2014,0,37,24.8,66.68055556,393.5311005
5/3/2014,0,34.7,24.2,63.10347222,422.784689
5/4/2014,0,39.1,25.5,56.215625,466.4425837
5/5/2014,0,37.1,27,57.98055556,418.6148325
5/6/2014,0,37.9,23.8,58.95,484.8444976
5/7/2014,0,34.6,24.9,63.61145833,288.3660287
5/8/2014,3.4,37.2,24.4,66.90173611,548.8277512
5/9/2014,0,34.7,24.6,72.17986111,426.5454545
5/10/2014,0,35.6,23.9,64.31284722,550.6148325
5/11/2014,0,35.1,23,60.59895833,518.0023923
5/12/2014,0,38.1,22.5,57.321875,492.9330144
5/13/2014,0,39.7,22.8,56.14583333,663.5885167
5/14/2014,0,38.9,22.4,56.90555556,550.5861244
5/15/2014,10.8,39.2,25.8,65.721875,379.069378
5/16/2014,0,38.1,25.7,54.37708333,558.3660287
5/17/2014,0,37.3,26.1,58.47048611,431.5478469
5/18/2014,0,38.4,26.2,58.77222222,446.6770335
5/19/2014,0,39.1,26.2,52.88368056,458.8421053
5/20/2014,0,36.9,23.8,59.11423611,494.5837321
5/21/2014,24.1,38.7,23.9,65.50590278,566.8636364
5/22/2014,6.5,36.3,25.1,71.64027778,432.5167464
5/23/2014,7,34.9,23.9,69.99513889,331.923445
5/24/2014,0,36.3,23.9,72.06180556,466.9952153
5/25/2014,15.2,37.4,25.2,72.80625,413.2607656
5/26/2014,0,34.9,24.6,66.97361111,477.3588517
5/27/2014,0,36.8,24.8,60.14027778,538.4497608
5/28/2014,0,36.6,24.6,62.97152778,425.138756
5/29/2014,0,34.9,23.3,69.60868056,482.2464115
5/30/2014,0.6,33.2,24.8,75.21875,317.6483254
5/31/2014,0,34.2,24.2,73.38263889,358.9808612
6/1/2014,0.4,35.1,24.8,70.96875,404.5909091
6/2/2014,7.2,34.1,24.7,80.09201389,344.8779904
6/3/2014,0.2,35.9,24.7,78.67708333,493.3349282
6/4/2014,0,35.2,25.6,68.36875,400.6148325
6/5/2014,0,37.6,25.1,63.32118056,538.6650718
6/6/2014,0,37.3,23.4,66.51458333,528.4665072
6/7/2014,0,36.8,23.7,56.46145833,456.007177
6/8/2014,0,37.8,25.5,56.53402778,526.7583732
6/9/2014,0,36.5,24.1,57.94201389,501.1004785
6/10/2014,0,36.2,26.6,64.11423611,510.5095694
6/11/2014,13.9,36.3,25.6,71.13194444,354.5526316
6/12/2014,0,37,26.1,64.78506944,600.423445
6/13/2014,6.7,36.6,24.9,68.62083333,478.3133971
6/14/2014,2.8,32.7,24.8,79.97361111,250.1985646
6/15/2014,23.3,33.2,24.6,77.38194444,310.5
6/16/2014,0.2,33.1,24.7,69.9125,392.8564593
6/17/2014,0,33,24.7,67.32048611,463.2200957
6/18/2014,0,33.4,23.8,65.14583333,341.7703349
6/19/2014,0,35.3,24.8,62.32881944,459.1076555
6/20/2014,0,35.4,26.3,59.53402778,482.2105263
6/21/2014,0,36.1,26.7,61.53854167,468.3373206
6/22/2014,1.1,36.5,26.9,64.77604167,424.6507177
6/23/2014,1.8,31.5,24.7,78.60520833,399.1599453
6/24/2014,8.3,30.2,22.7,76.57916667,294.1794258
6/25/2014,0,34.9,25.6,62.93819444,406.3349282
6/26/2014,16.3,32.7,24.1,78.18402778,259.2990431
6/27/2014,0.9,33.9,24.6,88.625,425.5406699
6/28/2014,0,35.1,25.2,64.42673611,533.4186603
6/29/2014,0,35.9,24.5,64.77256944,508.0334928
6/30/2014,0,35,26.2,64.05277778,475.6650718
7/1/2014,0,35.9,25.5,64.19409722,501.854067
7/2/2014,2.6,36.4,25.6,69.75347222,402.6961722
7/3/2014,16.3,34.8,25.6,80.04791667,249.1866029
7/4/2014,0,34.4,24.7,68.35972222,508.5143541
7/5/2014,0.9,35.2,23.8,72.88819444,488.2535885
7/6/2014,0,35.9,24.3,56.45486111,631.5502392
7/7/2014,0,34,24.7,61.79236111,383.3899522
7/8/2014,0,36.4,26,59.90173611,532.5933014
7/9/2014,0,36.5,26.6,52.87743056,551.5837321
7/10/2014,0,35.9,26,54.38125,576.5526316
7/11/2014,0.2,35.6,26.4,59.26111111,498.8899522
7/12/2014,0.4,37.2,27.2,59.80833333,489.3516746
7/13/2014,0.2,31.3,25.6,67.06909722,256.1052632
7/14/2014,0,34.9,26,62.92926829,311.576555
7/15/2014,0,36.7,26.3,54.25798611,509.3038278
7/16/2014,0,35.5,25.8,58.79965278,483.8899522
7/17/2014,2.1,36,25.8,65.30902778,415.0263158
7/18/2014,0,37.2,25.8,60.278125,464.145933
7/19/2014,0,35.9,27.3,57.17361111,369.3301435
7/20/2014,0,37.1,26.7,54.90416667,565.3205742
7/21/2014,0,35,26.9,60.04861111,433.9736842
7/22/2014,3.9,35.8,25.9,65.04791667,477.222488
7/23/2014,0,34.9,26.5,59.61875,400.0191388
7/24/2014,0,36.6,25.9,58.44965278,496.8373206
7/25/2014,1.8,36.8,26.4,63.27361111,476.8995215
7/26/2014,0.2,36.7,24.3,65.509375,534.5095694
7/27/2014,0,36.1,26.3,65.784375,317.9569378
7/28/2014,11.1,34.3,24.9,74.54756944,257.1746411
7/29/2014,0.2,36.4,25.3,64.37881944,517.9449761
7/30/2014,0,36.7,26.2,56.08784722,577.4569378
7/31/2014,0,36.9,26.2,54.06458333,502.9952153
8/1/2014,0,37.3,25.8,53.45069444,558.1578947
8/2/2014,0,37.7,25.3,52.80520833,577.4066986
8/3/2014,0.2,36.9,24.8,59.50138889,496.3492823
8/4/2014,0,36.3,24.2,64.72013889,405.3014354
8/5/2014,0,37.3,25.7,58.38402778,423.7033493
8/6/2014,0,37.1,23.7,62.146875,511.8588517
8/7/2014,11,36.3,23.6,78.55173611,318.5741627
8/8/2014,2,34.9,23.3,78.23611111,379.2703349
8/9/2014,3.8,34.5,23.1,78.26944444,364.8516746
8/10/2014,24.5,33.1,24.3,79.58715278,362.1818182
8/11/2014,2.2,36.1,24.3,68.82118056,585.3014354
8/12/2014,1.4,33.8,24.3,71.83125,482.34689
8/13/2014,1.4,35.3,24.6,70.71111111,489.84689
8/14/2014,0.4,34.2,25.3,66.66597222,516.5885167
8/15/2014,0,36.4,25.9,59.84791667,606.6961722
8/16/2014,20.8,33.9,25.2,77.315625,393.2009569
8/17/2014,0,34.4,24.9,65.11527778,508.722488
8/18/2014,0.2,33.2,24.2,73.80902778,259.1555024
8/19/2014,1.6,32.8,23.9,73.36041667,343.6148325
8/20/2014,6.3,33.2,22.7,75.88194444,346.1626794
8/21/2014,0.4,32.8,23.5,78.00104167,525.84689
8/22/2014,1.5,34.9,23.3,73.52847222,551.0095694
8/23/2014,0.2,35.1,22.6,80.24340278,429.423445
8/24/2014,0,33.6,23.4,78.68850174,472.069378
8/25/2014,0,33.2,23.4,79.43194444,544.6937799
8/26/2014,0.9,33.4,24.3,79.48819444,601.8157895
8/27/2014,2.5,32.8,24.1,78.87638889,567.854067
8/28/2014,3.8,33.4,24.2,85.36458333,284.9138756
8/29/2014,30.9,32.8,23.6,82.64201389,368.5980861
8/30/2014,0.2,33.91428571,24.25714286,79.89045139,422.3745728
8/31/2014,0,34.4,24.26666667,78.83287037,445.9593301
9/1/2014,1.2,34.14285714,24.2,77.41585648,373.093985
9/2/2014,1.4,36.9,25.1,71.88958333,438.7248804
9/3/2014,0.4,33.7,24.4,81.08194444,248.7559809
9/4/2014,0.8,34.7,24.2,73.14270833,432.4593301
9/5/2014,0,33.1,24.1,70.37430556,392.2464115
9/6/2014,0.2,34.4,24,67.48229167,427.6507177
9/7/2014,20.8,34.4,23.3,84.84131944,399.423445
9/8/2014,0.2,33.4,23.4,82.1184669,392.3253589
9/9/2014,0,34.3,23.3,79.28159722,367.7368421
9/10/2014,3.2,32.8,23.8,79.82083333,474.3373206
9/11/2014,10.1,33.7,23.9,83.51006944,422.0454545
9/12/2014,0.4,32.9,24.1,76.53402778,500.6411483
9/13/2014,17.2,33.3,23.3,82.39895833,367.1842105
9/14/2014,70,30.5,23.4,89.01944444,240.7105263
9/15/2014,47.4,33.4,23.3,88.73993056,390.0143541
9/16/2014,30.6,31.8,23.5,82.92291667,391.5430622
9/17/2014,8.1,32.7,23.7,79.19340278,467.1100478
9/18/2014,65.6,32.6,23.3,87.23090278,330.2511962
9/19/2014,9.9,33.1,23.3,84.43541667,511.1842105
9/20/2014,20.8,31.8,23.6,88.24826389,356.9569378
9/21/2014,0.4,32.8,22.9,83.76354167,534.5885167
9/22/2014,11.9,33,23.2,83.86180556,537.6746411
9/23/2014,11.8,32.4,23.3,87.16458333,386.7057416
9/24/2014,16,32.3,24,90.05486111,277.9736842
9/25/2014,33.9,31.9,23.4,89.609375,332.1746411
9/26/2014,1,32.8,23.7,84.64201389,513.5311005
9/27/2014,2.9,33.3,23.8,86.52743056,424.0047847
9/28/2014,25.9,33.6,23.3,85.43055556,533.1889952
9/29/2014,0.6,32.8,23.5,83.12430556,460.2631579
9/30/2014,1.6,33.6,24.7,85.44444444,410.9712919
10/1/2014,0,33.5,24.3,81.61006944,375.5454545
10/2/2014,0,34,25.1,76.95729167,410.576555
10/3/2014,0.8,34.4,24.6,77.15138889,467.5550239
10/4/2014,1.8,33.8,24.9,76.85833333,347.4760766
10/5/2014,0,33.5,23.4,78.140625,402.3588517
10/6/2014,16,33.4,23.7,82.51805556,376.1196172
10/7/2014,0,32.9,23,82.28541667,326.6052632
10/8/2014,12.5,32.2,24,83.03680556,341.3684211
10/9/2014,16.6,31.9875,23.4,96.37569444,373.9979067
10/10/2014,0.2,29.4,22.8,89.74270833,255.3373206
10/11/2014,39.5,31.5,23.1,88.21145833,457.7799043
10/12/2014,52,30.9,23.7,92.55243056,303.3301435
10/13/2014,42.3,32.1,23.1,87.41944444,529.0837321
10/14/2014,9.9,30.9,23.4,91.19965278,332.4258373
10/15/2014,26.4,30.4,23.2,90.56701389,377.6483254
10/16/2014,41.6,33.4,23.6,88.61840278,417.6961722
10/17/2014,17.6,33.7,23.5,88.58333333,521.9641148
10/18/2014,0.2,33.6,23.9,83.99444444,495.8684211
10/19/2014,0.8,32.4,24.4,86.05729167,396.3229665
10/20/2014,20.6,32.7,22.9,88.75833333,449.8923445
10/21/2014,50.9,32.5,22.4,85.83923611,599.2607656
10/22/2014,5,30.7,23.2,91.28819444,349.6435407
10/23/2014,0.9,32.8,23.1,88.59548611,474.4449761
10/24/2014,0,34.2,22.5,85.03854167,542.8277512
10/25/2014,33.5,34.7,22.9,86.27708333,537.7177033
10/26/2014,0.2,31.3,23.3,89.09027778,318.6818182
10/27/2014,0,32.3,22.1,83.79444444,420.1076555
10/28/2014,0,32.6,22.8,84.65694444,525.2942584
10/29/2014,20.6,33.7,22.6,87.70590278,396.4665072
10/30/2014,10.8,34.2,22.7,84.50590278,483.5239234
10/31/2014,1.2,34,22.8,80.90451389,504.5095694
11/1/2014,0,33.4,22.7,76.50694444,506.7559809
11/2/2014,0,31,23.4,74.21076389,406.6291866
11/3/2014,1.1,31.3,24.1,79.83020833,231.2870813
11/4/2014,1.2,31.2,23.5,80.35625,324.1578947
11/5/2014,0,33.2,23.4,72.35659722,540.5741627
11/6/2014,0,33.3,21.5,65.76597222,580.3205742
11/7/2014,0,33.2,20.6,71.21493056,575.7200957
11/8/2014,0,33.8,21.8,70.55416667,525.1220096
11/9/2014,0,32.9,21.4,75.82430556,471.1794258
11/10/2014,0,33.2,22.5,73.20138889,486.0789474
11/11/2014,0,32.8,21.2,78.26701389,452.0382775
11/12/2014,0,32.8,21.2,79.53333333,484.2129187
11/13/2014,0,34.1,21.2,73.046875,478.1698565
11/14/2014,0,34.4,22.1,66.33888889,513.6602871
11/15/2014,0.2,32.7,23.1,68.84618056,341.5980861
11/16/2014,5.7,32.8,22.6,81.02361111,370.4712919
11/17/2014,3.6,32.7,22.3,83.14340278,313.7511962
11/18/2014,0,32.2,22.7,79.78333333,369.5813397
11/19/2014,0,34.2,23.7,74.94444444,435.0645933
11/20/2014,4.7,33.3,23,81.16076389,332.5837321
11/21/2014,1.1,32.8,22.5,81.23680556,447.0430622
11/22/2014,3.3,33.8,23.3,79.17673611,456.3875598
11/23/2014,0.4,32.4,23.7,79.621875,363.7392344
11/24/2014,0,33.4,22.2,81.33854167,402.5023923
11/25/2014,1.4,34.2,22.3,85.45902778,338.0956938
11/26/2014,0,33.9,22.1,73.86111111,474.6674641
11/27/2014,0,32,24.7,73.06909722,350.2607656
11/28/2014,0,32.3,22.7,70.30486111,459.3444976
11/29/2014,0,33.2,24.1,67.91944444,500.2679426
11/30/2014,0,33.4,24,70.56493056,467.4186603
12/1/2014,0,35,24.2,74.31909722,421.1411483
12/2/2014,0,33.1,24.5,69.40069444,360.1507177
12/3/2014,0.2,33.6,23.9,65.98784722,461.4760766
12/4/2014,0,34.3,23.1,66.36979167,448.1339713
12/5/2014,0,34.4,24.1,67.41770833,392.361244
12/6/2014,0,34.7,23.4,67.30034722,449.6698565
12/7/2014,0,34.1,22.3,61.80555556,513.6315789
12/8/2014,0,32.8,23.1,56.10034722,497.0023923
12/9/2014,0,32.8,20.1,62.44131944,497.8708134
12/10/2014,0,32.8,21.1,62.26770833,481.8157895
12/11/2014,0,32.6,23.3,63.05833333,467.4904306
12/12/2014,0,33.1,21.3,59.74618056,500.2392344
12/13/2014,0,33.1,22.3,60.88194444,491.7057416
12/14/2014,0,33.2,21.5,63.63819444,467.1100478
12/15/2014,0,32.8,19.6,62.45381944,498.3301435
12/16/2014,0,33.4,20.7,62.92951389,457.1483254
12/17/2014,0,32.8,21.1,63.259375,431.8277512
12/18/2014,0,34.1,21.1,64.97638889,400.8803828
12/19/2014,0,34.6,23.7,67.48888889,458.4473684
12/20/2014,0,32.1,21.6,73.60625,351.0430622
12/21/2014,0,33.1,22.6,67.59861111,454.9090909
12/22/2014,0,34,21.2,67.37951389,465.3014354
12/23/2014,0,33.4,23.8,77.51736111,361.9090909
12/24/2014,0,35.4,22.7,75.22326389,448.1913876
12/25/2014,0,34.7,25.1,70.12430556,420.437799
12/26/2014,0,32.6,24.4,68.19409722,344.6555024
12/27/2014,0,34.7,24.1,70.05,432
12/28/2014,0,34.9,22.9,69.29861111,448.5430622
12/29/2014,0,33.8,22.8,66.25226481,444.222488
12/30/2014,0,32.2,22.5,67.93020833,502.6076555
12/31/2014,0,33.6,24,65.60520833,487.1339713
1/1/2015,0,34.4,25.2,63.54270833,486.2296651
1/2/2015,0.6,33.6,24.1,69.56840278,430.6076555
1/3/2015,0,33.8,24.8,69.67326389,443.9784689
1/4/2015,0.2,33.9,24.1,67.86736111,361.1913876
1/5/2015,0,33.4,25.4,65.37986111,324.1722488
1/6/2015,0,34.3,24.4,65.27395833,388.6578947
1/7/2015,0.2,32,23.7,66.9375,452.0454545
1/8/2015,0,29.8,24.6,65.925,380.4976077
1/9/2015,0,32.8,23.7,65.75486111,443.5980861
1/10/2015,0,32.7,23.8,68.38090278,424.1339713
1/11/2015,0,34,24.8,67.54930556,423.9760766
1/12/2015,0,34.6,24.1,68.34756944,452.354067
1/13/2015,0,34.1,25.1,66.89722222,443.354067
1/14/2015,0,33.4,24.6,70.2125,418.0837321
1/15/2015,0.2,31.9,23.9,77.49340278,236.5980861
1/16/2015,0,33.6,24.9,66.51423611,483.6818182
1/17/2015,0,32.2,22.3,65.60729167,438.6818182
1/18/2015,0,33.2,22.7,63.61041667,529.8947368
1/19/2015,0,33,23.6,59.24722222,514.937799
1/20/2015,0,32.9,23.4,66.65486111,412.284689
1/21/2015,0,33.1,20.8,72.55243056,443.3827751
1/22/2015,0,32.9,21.3,69.55659722,406.8803828
1/23/2015,0,33.8,20.8,70.43333333,553.5430622
1/24/2015,0,33.8,22.1,65.10069444,517.4282297
1/25/2015,0,33.3,23.5,69.40902778,418.8588517
1/26/2015,0,32.7,21.9,66.93541667,494.4617225
1/27/2015,0,32.4,23.4,61.44722222,543.9904306
1/28/2015,0,32.6,22.7,54.13854167,561.2727273
1/29/2015,0,32.6,22.2,53.01944444,559.5717703
1/30/2015,0,32.3,23.4,60.82083333,461.576555
1/31/2015,0,32.6,22.7,65.66909722,438.6818182
2/1/2015,0,32.9,23.8,67.24409722,485.8779904
2/2/2015,0,34.6,21.4,66.62361111,545.3397129
2/3/2015,0,33.5,23.9,66.31076389,541.8803828
2/4/2015,0,33.8,23.8,62.12430556,553.6291866
2/5/2015,0,35.1,24.4,59.96493056,549.8397129
2/6/2015,0,33.8,23.4,60.9543554,513.5311005
2/7/2015,0,33.3,24.3,63.48993056,458.0023923
2/8/2015,0,33.1,22.6,66.728125,468.4162679
2/9/2015,0,31.9,21,76.67395833,567.4449761
2/10/2015,0,34,21.3,70.15520833,419.7344498
2/11/2015,0,32.92857143,22.2,72.26423611,519.0738209
2/12/2015,0,32.94285714,22.11428571,63.35742188,533.9015721
2/13/2015,0,33.4,24.4,57.55208333,542.7272727
2/14/2015,0,32.4,22.6,54.35486111,589.9952153
2/15/2015,0,32.4,23.1,52.61076389,587.1961722
2/16/2015,0,33.4,22.4,56.52013889,561.7966507
2/17/2015,0,34.7,22.2,73.69201389,397.8947368
2/18/2015,0,35.4,21.3,63.95902778,555.8827751
2/19/2015,0,34.9,23.8,64.34513889,497.5047847
2/20/2015,0,32.1,22.9,61.56493056,558.1507177
2/21/2015,0,32.3,22.2,62.88368056,466.0263158
2/22/2015,0,34.8,23.3,62.38576389,578.6770335
2/23/2015,0,34.5,25.1,64.86631944,476.4760766
2/24/2015,0,34.1,24.4,64.50347222,519
2/25/2015,0,33.9,22.7,71.80625,468.3014354
2/26/2015,0,33.8,20.8,69.51180556,614.1244019
2/27/2015,0,35.7,22.1,63.62326389,552.0645933
2/28/2015,0,35.3,24.6,58.97534722,583.7440191
3/1/2015,0,35.4,25.4,58.47847222,565.1842105
3/2/2015,0,33.1,24.7,65.33263889,434.9856459
3/3/2015,0,34.8,24.2,60.72465278,574.6435407
3/4/2015,0,34.7,21.7,65.33645833,540.9043062
3/5/2015,0,35,22.7,66.39652778,446.2679426
3/6/2015,1.1,33.6,23.3,75.09861111,390.8684211
3/7/2015,0,33.8,23.8,64.84270833,571.2631579
3/8/2015,0,33.4,24.3,60.44652778,430.4066986
3/9/2015,0,34.1,23.7,61.95833333,510.3803828
3/10/2015,0,33.9,24.3,67.82465278,458.8923445
3/11/2015,0,34.3,24.8,67.61284722,438.6961722
3/12/2015,0,34.7,25.4,67.93402778,420.3086124
3/13/2015,0,35.4,24.7,63.88680556,492.3732057
3/14/2015,0,33.4,23.1,68.49270833,386.6842105
3/15/2015,0,33.2,22.6,66.52222222,544.7870813
3/16/2015,0,35,24.6,56.01944444,606.5095694
3/17/2015,0.4,33.9,23.9,69.86180556,349.6794258
3/18/2015,0,34.2,23.1,62.54201389,514.0909091
3/19/2015,0,34.2,19.7,71.35104167,479.576555
3/20/2015,0,35.2,21.4,66.14791667,565.8444976
3/21/2015,0,34.7,21.3,68.25104167,432.9043062
3/22/2015,0,34.1,22.1,69.35173611,527.6196172
3/23/2015,0,33.2,22.9,68.63506944,572.5980861
3/24/2015,0,36.3,22.4,60.93090278,524.0526316
3/25/2015,0,36.2,21.4,65.05277778,481.2559809
3/26/2015,0,34.9,22.4,68.753125,465.9976077
3/27/2015,0,32.8,20.9,70.06388889,647.3181818
3/28/2015,0,36.8,22.8,60.33263889,514.1985646
3/29/2015,0,36.6,23.3,58.39895833,604.8301435
3/30/2015,0,36.2,22.9,60.65138889,521.7416268
3/31/2015,0,36.2,24.7,57.45729167,428.7559809
4/1/2015,0,36.2,24.2,64.29166667,467.5478469
4/2/2015,0,35.9,23.2,65.828125,518.2105263
4/3/2015,0,36.5,25.2,60.92048611,501.1435407
4/4/2015,0,36.6,24.3,58.7,513.1722488
4/5/2015,0,35.5,25.2,65.68402778,409.5287081
4/6/2015,0,35.6,24.7,61.18784722,452.5406699
4/7/2015,0,35.8,24.2,56.96979167,649.0191388
4/8/2015,0,36.4,24.1,58.30555556,482.6770335
4/9/2015,0,37.1,24.6,58.37361111,573.9473684
4/10/2015,0,37.6,24.9,58.95520833,590.6267943
4/11/2015,0,35.9,25.9,66.39097222,549.9832536
4/12/2015,0,37,25.9,65.52777778,457.0334928
4/13/2015,0,38,26.5,62.24930556,541.1052632
4/14/2015,0,38.1,26.1,61.47118056,506.6985646
4/15/2015,0,36,24.9,64.49236111,509.569378
4/16/2015,0,37.8,25.6,60.01423611,458.7200957
4/17/2015,0,37.8,24.7,68.43472222,537.3086124
4/18/2015,0,36,23,71.79652778,477.6602871
4/19/2015,0,37.7,25,66.70104167,486.6961722
4/20/2015,0,36.2,23.4,65.60555556,567.7822967
4/21/2015,0,36.7,24.2,65.81875,543.7822967
4/22/2015,0,38.7,26.5,59.74444444,544.5215311
4/23/2015,0,38.5,26.6,53.00347222,586.5574163
4/24/2015,0,37.9,23.7,52.95590278,634.4712919
4/25/2015,0,37.5,23.9,63.16736111,571.8373206
4/26/2015,0,36.4,22.1,63.91736111,579.0215311
4/27/2015,0,34.9,25.4,70.29166667,616.6004785
4/28/2015,0,35.2,26.8,70.87951389,528.9760766
4/29/2015,0,35.6,26.5,74.62222222,506.8062201
4/30/2015,1.5,35.9375,24.72857143,71.51618924,493.2577751
5/1/2015,21.2,34.3,23.6,79.70972222,419.5263158
5/2/2015,0.4,37.1,23.3,77.26354167,445.1985646
5/3/2015,0,36.6,24,65.08333333,428.992823
5/4/2015,0,37.4,24.4,70.36215278,420.9401914
5/5/2015,0,37.6,22.7,68.16944444,528.8827751
5/6/2015,0,37.7,24.2,67.38541667,543.65311
5/7/2015,0,37.5,24.3,68.81458333,506.7272727
5/8/2015,0,38.5,25.7,61.87430556,545.6483254
5/9/2015,0,38.5,27,60.084375,518.1028708
5/10/2015,0,37.6,26.9,58.83402778,409.9593301
5/11/2015,0,37.9,27,58.27743056,540.0143541
5/12/2015,0,38,27.4,57.98958333,522.8827751
5/13/2015,0,37.4,27.2,60.88576389,458.2248804
5/14/2015,0,37.8,26.8,59.09270833,467.2966507
5/15/2015,0,37.4,26,59.21701389,455.0741627
5/16/2015,0,37.4,24.1,62.51319444,500.8277512
5/17/2015,3.7,35.8,23.6,74.68194444,290.3899522
5/18/2015,0.2,36.4,23.4,63.66979167,436.9736842
5/19/2015,0,36.1,26.6,60.08020833,414.1578947
5/20/2015,0,37.9,26,65.37986111,530.2392344
5/21/2015,0,36.4,26.2,65.61458333,450.8038278
5/22/2015,3.8,34.7,24.3,70.55208333,437.791866
5/23/2015,0,36.6,26.1,69.83194444,433.069378
5/24/2015,0,35.3,26.2,60.79340278,478.2057416
5/25/2015,0,34.2,25.9,70.08298611,392.6842105
5/26/2015,0,36.6,26.3,59.64930556,548.9641148
5/27/2015,0,35.9,25.2,58.63923611,533.569378
5/28/2015,0,36.1,23.3,64.31388889,488.6913876
5/29/2015,0,34.8,22.7,68.54270833,489.3947368
5/30/2015,0,36,24.3,63.26840278,431.2535885
5/31/2015,0,35.5,25.8,65.56458333,349.4641148
6/1/2015,0,36,26.2,69.67361111,400.492823
6/2/2015,0,35.9,25.8,71.13784722,523.2488038
6/3/2015,3.3,33.9,24.8,78.809375,336.4593301
6/4/2015,26.3,33.1,23.8,86.96319444,308.6267943
6/5/2015,8.5,34.3,23.9,87.11354167,357.208134
6/6/2015,6,35.6,24.1,87.275,485.8062201
6/7/2015,3.9,31.7,23.7,89.02673611,264.7966507
6/8/2015,1.9,33.5,24.1,88.26319444,386.708433
6/9/2015,80.4,33.2,23.3,85.42430556,471.7535885
6/10/2015,10.9,33.6,22.8,91.21944444,421.7440191
6/11/2015,33.4,32.9,23.1,92.10173611,331.8947368
6/12/2015,1.7,33.6,22.8,83.69375,451.8373206
6/13/2015,51.1,33.4,23.8,89.06840278,320.4186603
6/14/2015,0,35.2,23.3,81.47291667,507.3588517
6/15/2015,0,35.7,23.6,76.57326389,560.5047847
6/16/2015,0,34.3,26.1,75.95347222,480.3373206
6/17/2015,0,35.9,26.3,72.88298611,566.3325359
6/18/2015,2.8,36.7,25,80.33298611,493.3636364
6/19/2015,0.7,35.3,26.5,76.5125,419.9066986
6/20/2015,0.7,33.3,26.6,78.69027778,409.8732057
6/21/2015,0,34.9,26.9,69.11458333,447.0645933
6/22/2015,0,36.1,26.1,64.54791667,568.4138756
6/23/2015,0,34.4,26.5,70.39236111,512.4043062
6/24/2015,0,36.3,26.3,72.83958333,492.0717703
6/25/2015,0,35.9,26.7,74.23333333,458.0239234
6/26/2015,0.2,34.7,26.4,73.79131944,444.9760766
6/27/2015,0,36.3,26.3,65.08020833,514.930622
6/28/2015,0.2,36.7,27.2,73.640625,492.1794258
6/29/2015,3.2,35.3,25.9,78.51597222,423.3947368
6/30/2015,0,36.3,26.2,65.33680556,575.7129187
7/1/2015,0,35.4,24.8,68.50694444,513.7679426
7/2/2015,0,36.3,25.8,71.56076389,536.9138756
7/3/2015,0,35.4,25.4,70.82673611,477.3516746
7/4/2015,0.7,35.3,25.3,73.85,441.2583732
7/5/2015,0.4,35.7,25.1,77.49236111,413.5119617
7/6/2015,0.5,35.1,24.2,75.696875,450.0861244
7/7/2015,0.2,33.9,26.1,67.73055556,367.069378
7/8/2015,9,34.6,24.4,75.2,350.0233493
7/9/2015,5.1,33.7625,23.8,93.47,405.0471172
7/10/2015,0.4,30.7,23.6,89.61,294.5454545
7/11/2015,8.8,32.1,23.8,87.95,289.7087081
7/12/2015,0,34.7,24.9,80.73,560.5251675
7/13/2015,0,33.3,23.9,79.04,514.9067943
7/14/2015,0,33.2,24.9,78.84,395.5383732
7/15/2015,0.9,35.1,23.5,73.77,527.5360766
7/16/2015,0,35.4,23.9,81.27,467.7588517
7/17/2015,0,35.9,25.6,68.88,550.0455502
7/18/2015,42.9,35.4,23.1,78.05,434.3563636
7/19/2015,0,33.4,23.2,87.95,509.8220096
7/20/2015,0,33.4,24.1,80.64,483.0545455
7/21/2015,0,34.2,24.1,82.71,469.9705263
7/22/2015,0,33.1,24.4,83.04,351.2635407
7/23/2015,6.1,32.9,24,91.58,284.3758852
7/24/2015,0,32,23.7,87.22,336.8979904
7/25/2015,0,34.6,25.1,74.91,551.5957895
7/26/2015,0,34.8,25.5,71.46,510.0287081
7/27/2015,5.1,35.3,25.8,68.37,527.2053589
7/28/2015,0,34.6,25.3,80.02,535.1839234
7/29/2015,0,34.6,23.9,76.64,499.4870813
7/30/2015,1.1,33.8,24.2,83.61,437.6635407
7/31/2015,0,33.4,25.2,76.84,438.9657416
8/1/2015,1.4,34.4,25.1,81.16,428.2380861
8/2/2015,0,35.6,25,78.89,558.4168421
8/3/2015,0,35.6,24.7,71.08,545.4155024
8/4/2015,0,35.8,25.8,70.25,536.548134
8/5/2015,0,36.4,26.4,72.7,495.3737799
8/6/2015,0,35.6,25.7,72.78,561.7240191
8/7/2015,0.2,35.8,25.9,69.61,447.8951196
8/8/2015,0,36.1,25.7,77.96,512.8811483
8/9/2015,1.9,36.1,24.3,82.44,520.1776077
8/10/2015,28.9,36,23.5,84.47,396.6132057
8/11/2015,0,32.1,24.9,84.2,364.3475598
8/12/2015,0,34.9,25.8,76.93,512.7364593
8/13/2015,0.5,34.4,25.4,78.03,529.2310048
8/14/2015,0.6,35.4,25.4,76.04,505.8947368
8/15/2015,0,35.1,23,82.81,417.0763636
8/16/2015,1.2,31.4,25.8,85.24,221.6428708
8/17/2015,0,35,25.7,80.24,484.274067
8/18/2015,0,36,24.6,73.88,525.4277512
8/19/2015,0,36,25.7,70.6,569.1858373
8/20/2015,0,36.3,24.8,76.29,492.0045933
8/21/2015,0,35.7,23.9,75.28,526.9573206
8/22/2015,4.8,33.4,24.7,80.55,284.5205742
8/23/2015,0.6,31.9,24.3,92.9,354.8807656
8/24/2015,0,35.6,25.1,75.39,613.2333014
8/25/2015,7,35.8,23.4,76.59,553.5180861
8/26/2015,0.6,33.8,24.4,86.18,455.7496651
8/27/2015,0,35.8,25.2,79.3,604.365933
8/28/2015,0,35.4,23.9,83.69,493.92689
8/29/2015,1.2,34.4,25.4,82.57,502.9389474
8/30/2015,14.9,36.3,23.1,84.43,493.6995215
8/31/2015,22.5,34.2,23.3,88.84,438.0149282
9/1/2015,1.5,34.5,24.4,91.03,499.7971292
9/2/2015,0,31.7,23.7,91.04,409.7799043
9/3/2015,6.3,32.5,23.6,89.36,365.6497608
9/4/2015,23.9,32.8,22.3,91.5,524.7249761
9/5/2015,0.2,34.1,24.3,83.31,544.1339713
9/6/2015,0,32.6,24.1,86.25,329.8082297
9/7/2015,0,33.7,23.2,86.17,510.8968421
9/8/2015,0,34.7,25.8,83.26,488.9867943
9/9/2015,20.4,33.1,23.3,91.37,360.9990431
9/10/2015,1.6,30.4,22.9,93.68,245.8679426
9/11/2015,0,33.6,22.6,86.83,578.6526316
9/12/2015,4,32.8,23.2,94.4,388.7793301
9/13/2015,0,32.9,23.9,94.4,374.4344498
9/14/2015,2.1,34.4,24.9,87.59,525.5104306
9/15/2015,0,34.7,24.2,86.03,574.9113876
9/16/2015,4.4,35.4,25.4,83.8,572.5136842
9/17/2015,0,34.8,22.2,86.76,629.6658373
9/18/2015,19.3,32.4,24.2,93.64,285.0373206
9/19/2015,2.6,32.6,23.1,93.62,509.470622
9/20/2015,5.7,35.1,24.4,88.78,518.544689
9/21/2015,1.8,33.5,23.9,91.8,446.2208612
9/22/2015,6.4,32.8,24.1,87.41,388.0558852
9/23/2015,20.9,30.8,24.1,93.36,273.0074641
9/24/2015,0,31.6,22,93.94,331.7098565
9/25/2015,0,32.7,23.7,93.29,468.8750239
9/26/2015,0.2,34.2,23.3,90.88,563.1709091
9/27/2015,5.7,34.7,23.8,91.9,541.44689
9/28/2015,0,34.5,24.2,91.48,562.4888038
9/29/2015,0,35.2,23.9,90.82,567.6355981
9/30/2015,0,34.2,23.9,90.27,553.6007656
10/1/2015,0.2,34.1,23.2,88.57,580.6162679
10/2/2015,0,35.3,23.1,89.22,514.3073684
10/3/2015,0,34.9,22.7,87.51,593.1008612
10/4/2015,0,33.9,23.5,91.02,458.5400957
10/5/2015,0,35.9,23.3,81.64,585.5356938
10/6/2015,0.2,35.8,24,79.89,547.2964593
10/7/2015,1.5,35.2,25.5,76.01,562.3027751
10/8/2015,0.4,34.8,23.5,84.07,502.1741627
10/9/2015,2.9,35.6,24.3,89.31,435.6172249
10/10/2015,0,35.5,24.1,87.87,469.2057416
10/11/2015,0.7,34.4,23.8,86.08,471.6241148
10/12/2015,19.6,33.8,23.4,89.63,473.7944498
10/13/2015,11.9,32.4,21.9,94.09,591.116555
10/14/2015,25.4,33.4,24.1,94.11,521.7898565
10/15/2015,1.2,32.1,22.9,94.52,519.7228708
10/16/2015,28.1,32.6,23.5,92.52,508.3957895
10/17/2015,3.5,33.1,23.4,93.59,416.3322488
10/18/2015,0.4,34.4,23.4,89.65,486.9404785
10/19/2015,0,34.3,23.8,91.16,540
10/20/2015,24.4,33.7,24.4,92.07,373.5663158
10/21/2015,0.2,33.2,24.3,92.1,515.2168421
10/22/2015,3.3,34.4,23.6,88.5,552.1125359
10/23/2015,1.4,34.6,23.5,90.67,520.7770335
10/24/2015,23.3,34.2,24.6,91.98,455.5222967
10/25/2015,0.2,32.9,22.2,92.83,503.0836364
10/26/2015,46.3,32.9,23.2,91.9,535.3492823
10/27/2015,0.2,33.9,22.9,92.01,562.0133971
10/28/2015,0.2,33.3,23.5,91.83,540.0206699
10/29/2015,5.5,34.1,23.6,90.97,556.0811483
10/30/2015,1,34.4,24.1,92.42,451.9050718
10/31/2015,0.6,34.8,22.3,91.87,507.8377033
11/1/2015,3,32.7,23.3,92.93,439.2757895
11/2/2015,1.7,34.3,22.6,90.72,525.4484211
11/3/2015,0.2,34.7,23.4,90.19,461.1031579
11/4/2015,0,33.3,21.4,86.79,523.6708134
11/5/2015,0,33.9,23.1,89.93,549.074067
11/6/2015,0,35.5,23.3,87.49,442.9963636
11/7/2015,0,35.2,23.8,83.72,429.6643062
11/8/2015,0,34.8,22.6,84.84,472.7196172
11/9/2015,0,34.9,22.1,88.15,353.3098565
11/10/2015,0,33.8,24.3,86.53,392.5205742
11/11/2015,0,34.2,23.8,86.3,354.4880383
11/12/2015,0,33.9,22.6,87.53,426.5638278
11/13/2015,0,34.9,24.6,81.8,440.8466986
11/14/2015,0,33.7,25.3,83.22,354.1573206
11/15/2015,0.2,35.1,23.5,81.84,411.8882297
11/16/2015,0,34.7,23.7,83.01,437.1054545
11/17/2015,0,34.1,23.2,84.39,350.8708134
11/18/2015,0,34.1,24.4,88.11,431.5039234
11/19/2015,11.3,32.9,21.2,92.8,421.7477512
11/20/2015,33,31,23.4,97.16,302.4206699
11/21/2015,1.9,32.4,22.9,91.39,349.6099522
11/22/2015,0,33.3,22.8,87.13,392.3758852
11/23/2015,0,34.4,21.2,84.27,515.0721531
11/24/2015,0,34.4,23.3,81.61,507.4656459
11/25/2015,0,34.6,22.6,78.17,498.7222967
11/26/2015,0,34.6,23.3,76.07,503.4143541
11/27/2015,0,33.9,25,78.29,417.3864115
11/28/2015,0,34.1,25,76.34,433.9843062
11/29/2015,0,33,23.3,68.38,516.7257416
11/30/2015,0,34.4,21.9,66.06,511.3722488
12/1/2015,0,34.1,21.3,73.9,452.4838278
12/2/2015,0,35.1,22.2,81.24,404.9844976
12/3/2015,0,33.4,20.2,90.13,423.7113876
12/4/2015,0,35.2,26.2,76.38,404.5711005
12/5/2015,0.4,32.3,23.7,82.32,215.8346411
12/6/2015,0.7,35.6,25.2,77.25,469.6398086
12/7/2015,0,35.2,24.9,79.23,404.4470813
12/8/2015,0,34.2,23.7,78.56,318.7085167
12/9/2015,0,35.1,22.1,71.95,470.8179904
12/10/2015,0,35.1,25.8,66.84,429.4782775
12/11/2015,0,33.5,24.9,70.82,332.7226794
12/12/2015,0,35.2,23.9,70.31,435.7619139
12/13/2015,0,34.8,22.6,78.22,385.8235407
12/14/2015,0,33.8,22.4,77.36,466.0639234
12/15/2015,0,32.8,21.6,82.29,414.2032536
12/16/2015,0,33.4,21.7,88.85,476.0061244
12/17/2015,0,34.1,22.2,84.86,410.9994258
12/18/2015,0,35.6,22.2,79.22,440.8673684
12/19/2015,0,35.4,25.6,77.59,429.2095694
12/20/2015,0,35.6,26.8,74.87,426.9772249
12/21/2015,0.2,35.2,24.1,75.94,453.3312919
12/22/2015,0,35.7,25.2,69.38,359.4488038
12/23/2015,0,35.6,23.4,73.44,327.0384689
12/24/2015,0,35.2,26,76.46,391.5904306
12/25/2015,0,35.7,25.6,73.45,365.9598086
12/26/2015,0.2,35.6,24,73.22,441.0533971
12/27/2015,0,34.8,24.6,76.13,279.2497608
12/28/2015,0,36.4,21.3,74.95,483.0545455
12/29/2015,0,36.9,22.6,69.26,429.2302392
12/30/2015,0,36.1,25.3,65.47,446.5929187
12/31/2015,0,34.3,25.4,67.99,318.2124402
